Regions;Theater Density;Avarage Income per family(reddito medio annuale delle famiglie (in euro);Difuse of Internet(famigle che dispongono di accesso a Internet da casa);Crime Rate;Density of Cultural Institutions  (number of institutions divided by square km)
Piemonte;0.00468035315392;34290;69,1;207885;0,0246
Valle d'Aosta;0.000696045590986;33504;69,4;4085;0
Liguria;0.002902574457345;35866;65,2;79898;0,0511
Lombardia;0.00655756731662;40459;73,7;475194;0,0238
Trentino;0.002074688796681;39674;72,5;16323;0
Veneto;0.00023629489603;39521;72,6;169999;0,0131
Friuli-VeneziaGiulia;0.001974983541804;374830;73,1;35552;0,0261
Emilia-Romagna;0.004401524109841;40187;71,9;229630;0,0265
Toscana;0.000827195021074;38202;71,9;176246;0,0341
Umbria;0.003160370424813;35860;69;30108;0,0315
Marche;0.005723781388479;36687;70;47067;0,0413
Lazio;0.001870574088095;36636;72,9;276255;0,0312
Abruzzo;0.00064623338257;31712;70;43136;0,0224
Molise;0.00004190412;28581;63,2;8205;0,0132
Campania;0.002084781097985;27778;64,4;222685;0,0263
Puglia;0.00627661959202;31726;62,4;149334;0,0129
Basilicata;0.001839926402944;28578;62,7;13570;0,0083
Calabria;0.001381710250243;26852;59,4;61137;0,0132
Sicilia;0.0062766195021074;25936;60,6;176318;0,0121
Sardegna;0.00468035315392;30332;72,4;47465;0,0125
